provenance,Pin_dBm,Pout_dBm,gain_dB
simulation_pedagogique,-20.0000,-0.0002,19.9998
simulation_pedagogique,-19.8898,0.1100,19.9998
simulation_pedagogique,-19.7796,0.2203,19.9998
simulation_pedagogique,-19.6693,0.3305,19.9998
simulation_pedagogique,-19.5591,0.4407,19.9998
simulation_pedagogique,-19.4489,0.5509,19.9998
simulation_pedagogique,-19.3387,0.6611,19.9998
simulation_pedagogique,-19.2285,0.7713,19.9998
simulation_pedagogique,-19.1182,0.8815,19.9998
simulation_pedagogique,-19.0080,0.9918,19.9998
simulation_pedagogique,-18.8978,1.1020,19.9998
simulation_pedagogique,-18.7876,1.2122,19.9998
simulation_pedagogique,-18.6774,1.3224,19.9998
simulation_pedagogique,-18.5671,1.4326,19.9998
simulation_pedagogique,-18.4569,1.5428,19.9997
simulation_pedagogique,-18.3467,1.6530,19.9997
simulation_pedagogique,-18.2365,1.7633,19.9997
simulation_pedagogique,-18.1263,1.8735,19.9997
simulation_pedagogique,-18.0160,1.9837,19.9997
simulation_pedagogique,-17.9058,2.0939,19.9997
simulation_pedagogique,-17.7956,2.2041,19.9997
simulation_pedagogique,-17.6854,2.3143,19.9997
simulation_pedagogique,-17.5752,2.4245,19.9997
simulation_pedagogique,-17.4649,2.5347,19.9997
simulation_pedagogique,-17.3547,2.6450,19.9997
simulation_pedagogique,-17.2445,2.7552,19.9997
simulation_pedagogique,-17.1343,2.8654,19.9996
simulation_pedagogique,-17.0240,2.9756,19.9996
simulation_pedagogique,-16.9138,3.0858,19.9996
simulation_pedagogique,-16.8036,3.1960,19.9996
simulation_pedagogique,-16.6934,3.3062,19.9996
simulation_pedagogique,-16.5832,3.4164,19.9996
simulation_pedagogique,-16.4729,3.5266,19.9996
simulation_pedagogique,-16.3627,3.6368,19.9996
simulation_pedagogique,-16.2525,3.7470,19.9996
simulation_pedagogique,-16.1423,3.8573,19.9995
simulation_pedagogique,-16.0321,3.9675,19.9995
simulation_pedagogique,-15.9218,4.0777,19.9995
simulation_pedagogique,-15.8116,4.1879,19.9995
simulation_pedagogique,-15.7014,4.2981,19.9995
simulation_pedagogique,-15.5912,4.4083,19.9995
simulation_pedagogique,-15.4810,4.5185,19.9995
simulation_pedagogique,-15.3707,4.6287,19.9994
simulation_pedagogique,-15.2605,4.7389,19.9994
simulation_pedagogique,-15.1503,4.8491,19.9994
simulation_pedagogique,-15.0401,4.9593,19.9994
simulation_pedagogique,-14.9299,5.0695,19.9994
simulation_pedagogique,-14.8196,5.1797,19.9994
simulation_pedagogique,-14.7094,5.2899,19.9993
simulation_pedagogique,-14.5992,5.4001,19.9993
simulation_pedagogique,-14.4890,5.5103,19.9993
simulation_pedagogique,-14.3788,5.6205,19.9993
simulation_pedagogique,-14.2685,5.7307,19.9993
simulation_pedagogique,-14.1583,5.8409,19.9992
simulation_pedagogique,-14.0481,5.9511,19.9992
simulation_pedagogique,-13.9379,6.0613,19.9992
simulation_pedagogique,-13.8277,6.1715,19.9992
simulation_pedagogique,-13.7174,6.2817,19.9992
simulation_pedagogique,-13.6072,6.3919,19.9991
simulation_pedagogique,-13.4970,6.5021,19.9991
simulation_pedagogique,-13.3868,6.6123,19.9991
simulation_pedagogique,-13.2766,6.7225,19.9991
simulation_pedagogique,-13.1663,6.8327,19.9990
simulation_pedagogique,-13.0561,6.9429,19.9990
simulation_pedagogique,-12.9459,7.0531,19.9990
simulation_pedagogique,-12.8357,7.1633,19.9989
simulation_pedagogique,-12.7255,7.2735,19.9989
simulation_pedagogique,-12.6152,7.3837,19.9989
simulation_pedagogique,-12.5050,7.4938,19.9989
simulation_pedagogique,-12.3948,7.6040,19.9988
simulation_pedagogique,-12.2846,7.7142,19.9988
simulation_pedagogique,-12.1743,7.8244,19.9988
simulation_pedagogique,-12.0641,7.9346,19.9987
simulation_pedagogique,-11.9539,8.0448,19.9987
simulation_pedagogique,-11.8437,8.1550,19.9986
simulation_pedagogique,-11.7335,8.2651,19.9986
simulation_pedagogique,-11.6232,8.3753,19.9986
simulation_pedagogique,-11.5130,8.4855,19.9985
simulation_pedagogique,-11.4028,8.5957,19.9985
simulation_pedagogique,-11.2926,8.7059,19.9984
simulation_pedagogique,-11.1824,8.8160,19.9984
simulation_pedagogique,-11.0721,8.9262,19.9984
simulation_pedagogique,-10.9619,9.0364,19.9983
simulation_pedagogique,-10.8517,9.1466,19.9983
simulation_pedagogique,-10.7415,9.2567,19.9982
simulation_pedagogique,-10.6313,9.3669,19.9982
simulation_pedagogique,-10.5210,9.4771,19.9981
simulation_pedagogique,-10.4108,9.5872,19.9981
simulation_pedagogique,-10.3006,9.6974,19.9980
simulation_pedagogique,-10.1904,9.8076,19.9980
simulation_pedagogique,-10.0802,9.9177,19.9979
simulation_pedagogique,-9.9699,10.0279,19.9978
simulation_pedagogique,-9.8597,10.1381,19.9978
simulation_pedagogique,-9.7495,10.2482,19.9977
simulation_pedagogique,-9.6393,10.3584,19.9977
simulation_pedagogique,-9.5291,10.4685,19.9976
simulation_pedagogique,-9.4188,10.5787,19.9975
simulation_pedagogique,-9.3086,10.6888,19.9974
simulation_pedagogique,-9.1984,10.7990,19.9974
simulation_pedagogique,-9.0882,10.9091,19.9973
simulation_pedagogique,-8.9780,11.0193,19.9972
simulation_pedagogique,-8.8677,11.1294,19.9972
simulation_pedagogique,-8.7575,11.2396,19.9971
simulation_pedagogique,-8.6473,11.3497,19.9970
simulation_pedagogique,-8.5371,11.4598,19.9969
simulation_pedagogique,-8.4269,11.5700,19.9968
simulation_pedagogique,-8.3166,11.6801,19.9967
simulation_pedagogique,-8.2064,11.7902,19.9966
simulation_pedagogique,-8.0962,11.9004,19.9965
simulation_pedagogique,-7.9860,12.0105,19.9964
simulation_pedagogique,-7.8758,12.1206,19.9963
simulation_pedagogique,-7.7655,12.2307,19.9962
simulation_pedagogique,-7.6553,12.3408,19.9961
simulation_pedagogique,-7.5451,12.4509,19.9960
simulation_pedagogique,-7.4349,12.5611,19.9959
simulation_pedagogique,-7.3246,12.6712,19.9958
simulation_pedagogique,-7.2144,12.7813,19.9957
simulation_pedagogique,-7.1042,12.8914,19.9956
simulation_pedagogique,-6.9940,13.0015,19.9954
simulation_pedagogique,-6.8838,13.1115,19.9953
simulation_pedagogique,-6.7735,13.2216,19.9952
simulation_pedagogique,-6.6633,13.3317,19.9950
simulation_pedagogique,-6.5531,13.4418,19.9949
simulation_pedagogique,-6.4429,13.5519,19.9948
simulation_pedagogique,-6.3327,13.6620,19.9946
simulation_pedagogique,-6.2224,13.7720,19.9945
simulation_pedagogique,-6.1122,13.8821,19.9943
simulation_pedagogique,-6.0020,13.9922,19.9942
simulation_pedagogique,-5.8918,14.1022,19.9940
simulation_pedagogique,-5.7816,14.2123,19.9938
simulation_pedagogique,-5.6713,14.3223,19.9937
simulation_pedagogique,-5.5611,14.4324,19.9935
simulation_pedagogique,-5.4509,14.5424,19.9933
simulation_pedagogique,-5.3407,14.6524,19.9931
simulation_pedagogique,-5.2305,14.7624,19.9929
simulation_pedagogique,-5.1202,14.8725,19.9927
simulation_pedagogique,-5.0100,14.9825,19.9925
simulation_pedagogique,-4.8998,15.0925,19.9923
simulation_pedagogique,-4.7896,15.2025,19.9921
simulation_pedagogique,-4.6794,15.3125,19.9919
simulation_pedagogique,-4.5691,15.4225,19.9916
simulation_pedagogique,-4.4589,15.5325,19.9914
simulation_pedagogique,-4.3487,15.6425,19.9912
simulation_pedagogique,-4.2385,15.7524,19.9909
simulation_pedagogique,-4.1283,15.8624,19.9907
simulation_pedagogique,-4.0180,15.9724,19.9904
simulation_pedagogique,-3.9078,16.0823,19.9901
simulation_pedagogique,-3.7976,16.1922,19.9898
simulation_pedagogique,-3.6874,16.3022,19.9896
simulation_pedagogique,-3.5772,16.4121,19.9893
simulation_pedagogique,-3.4669,16.5220,19.9890
simulation_pedagogique,-3.3567,16.6319,19.9887
simulation_pedagogique,-3.2465,16.7418,19.9883
simulation_pedagogique,-3.1363,16.8517,19.9880
simulation_pedagogique,-3.0261,16.9616,19.9877
simulation_pedagogique,-2.9158,17.0715,19.9873
simulation_pedagogique,-2.8056,17.1814,19.9870
simulation_pedagogique,-2.6954,17.2912,19.9866
simulation_pedagogique,-2.5852,17.4011,19.9862
simulation_pedagogique,-2.4749,17.5109,19.9859
simulation_pedagogique,-2.3647,17.6207,19.9855
simulation_pedagogique,-2.2545,17.7305,19.9851
simulation_pedagogique,-2.1443,17.8403,19.9846
simulation_pedagogique,-2.0341,17.9501,19.9842
simulation_pedagogique,-1.9238,18.0599,19.9838
simulation_pedagogique,-1.8136,18.1697,19.9833
simulation_pedagogique,-1.7034,18.2794,19.9828
simulation_pedagogique,-1.5932,18.3892,19.9824
simulation_pedagogique,-1.4830,18.4989,19.9819
simulation_pedagogique,-1.3727,18.6086,19.9814
simulation_pedagogique,-1.2625,18.7183,19.9808
simulation_pedagogique,-1.1523,18.8280,19.9803
simulation_pedagogique,-1.0421,18.9377,19.9798
simulation_pedagogique,-0.9319,19.0473,19.9792
simulation_pedagogique,-0.8216,19.1570,19.9786
simulation_pedagogique,-0.7114,19.2666,19.9780
simulation_pedagogique,-0.6012,19.3762,19.9774
simulation_pedagogique,-0.4910,19.4858,19.9768
simulation_pedagogique,-0.3808,19.5953,19.9761
simulation_pedagogique,-0.2705,19.7049,19.9754
simulation_pedagogique,-0.1603,19.8144,19.9748
simulation_pedagogique,-0.0501,19.9239,19.9740
simulation_pedagogique,0.0601,20.0334,19.9733
simulation_pedagogique,0.1703,20.1429,19.9726
simulation_pedagogique,0.2806,20.2524,19.9718
simulation_pedagogique,0.3908,20.3618,19.9710
simulation_pedagogique,0.5010,20.4712,19.9702
simulation_pedagogique,0.6112,20.5806,19.9694
simulation_pedagogique,0.7214,20.6900,19.9685
simulation_pedagogique,0.8317,20.7993,19.9676
simulation_pedagogique,0.9419,20.9086,19.9667
simulation_pedagogique,1.0521,21.0179,19.9658
simulation_pedagogique,1.1623,21.1272,19.9649
simulation_pedagogique,1.2725,21.2364,19.9639
simulation_pedagogique,1.3828,21.3456,19.9629
simulation_pedagogique,1.4930,21.4548,19.9618
simulation_pedagogique,1.6032,21.5640,19.9608
simulation_pedagogique,1.7134,21.6731,19.9597
simulation_pedagogique,1.8236,21.7822,19.9585
simulation_pedagogique,1.9339,21.8913,19.9574
simulation_pedagogique,2.0441,22.0003,19.9562
simulation_pedagogique,2.1543,22.1093,19.9550
simulation_pedagogique,2.2645,22.2183,19.9537
simulation_pedagogique,2.3747,22.3272,19.9524
simulation_pedagogique,2.4850,22.4361,19.9511
simulation_pedagogique,2.5952,22.5449,19.9498
simulation_pedagogique,2.7054,22.6538,19.9484
simulation_pedagogique,2.8156,22.7625,19.9469
simulation_pedagogique,2.9259,22.8713,19.9454
simulation_pedagogique,3.0361,22.9800,19.9439
simulation_pedagogique,3.1463,23.0886,19.9424
simulation_pedagogique,3.2565,23.1973,19.9407
simulation_pedagogique,3.3667,23.3058,19.9391
simulation_pedagogique,3.4770,23.4144,19.9374
simulation_pedagogique,3.5872,23.5228,19.9357
simulation_pedagogique,3.6974,23.6313,19.9339
simulation_pedagogique,3.8076,23.7397,19.9320
simulation_pedagogique,3.9178,23.8480,19.9301
simulation_pedagogique,4.0281,23.9563,19.9282
simulation_pedagogique,4.1383,24.0645,19.9262
simulation_pedagogique,4.2485,24.1727,19.9242
simulation_pedagogique,4.3587,24.2808,19.9221
simulation_pedagogique,4.4689,24.3888,19.9199
simulation_pedagogique,4.5792,24.4968,19.9177
simulation_pedagogique,4.6894,24.6048,19.9154
simulation_pedagogique,4.7996,24.7126,19.9130
simulation_pedagogique,4.9098,24.8204,19.9106
simulation_pedagogique,5.0200,24.9282,19.9081
simulation_pedagogique,5.1303,25.0359,19.9056
simulation_pedagogique,5.2405,25.1435,19.9030
simulation_pedagogique,5.3507,25.2510,19.9003
simulation_pedagogique,5.4609,25.3585,19.8975
simulation_pedagogique,5.5711,25.4658,19.8947
simulation_pedagogique,5.6814,25.5732,19.8918
simulation_pedagogique,5.7916,25.6804,19.8888
simulation_pedagogique,5.9018,25.7875,19.8857
simulation_pedagogique,6.0120,25.8946,19.8826
simulation_pedagogique,6.1222,26.0016,19.8793
simulation_pedagogique,6.2325,26.1085,19.8760
simulation_pedagogique,6.3427,26.2153,19.8726
simulation_pedagogique,6.4529,26.3220,19.8691
simulation_pedagogique,6.5631,26.4286,19.8654
simulation_pedagogique,6.6733,26.5351,19.8617
simulation_pedagogique,6.7836,26.6415,19.8579
simulation_pedagogique,6.8938,26.7478,19.8540
simulation_pedagogique,7.0040,26.8540,19.8500
simulation_pedagogique,7.1142,26.9601,19.8459
simulation_pedagogique,7.2244,27.0661,19.8416
simulation_pedagogique,7.3347,27.1720,19.8373
simulation_pedagogique,7.4449,27.2777,19.8328
simulation_pedagogique,7.5551,27.3833,19.8282
simulation_pedagogique,7.6653,27.4888,19.8235
simulation_pedagogique,7.7756,27.5942,19.8187
simulation_pedagogique,7.8858,27.6995,19.8137
simulation_pedagogique,7.9960,27.8046,19.8086
simulation_pedagogique,8.1062,27.9096,19.8034
simulation_pedagogique,8.2164,28.0144,19.7980
simulation_pedagogique,8.3267,28.1191,19.7925
simulation_pedagogique,8.4369,28.2237,19.7868
simulation_pedagogique,8.5471,28.3281,19.7810
simulation_pedagogique,8.6573,28.4323,19.7750
simulation_pedagogique,8.7675,28.5364,19.7689
simulation_pedagogique,8.8778,28.6404,19.7626
simulation_pedagogique,8.9880,28.7441,19.7561
simulation_pedagogique,9.0982,28.8477,19.7495
simulation_pedagogique,9.2084,28.9511,19.7427
simulation_pedagogique,9.3186,29.0544,19.7357
simulation_pedagogique,9.4289,29.1574,19.7286
simulation_pedagogique,9.5391,29.2603,19.7212
simulation_pedagogique,9.6493,29.3630,19.7137
simulation_pedagogique,9.7595,29.4655,19.7059
simulation_pedagogique,9.8697,29.5677,19.6980
simulation_pedagogique,9.9800,29.6698,19.6898
simulation_pedagogique,10.0902,29.7717,19.6815
simulation_pedagogique,10.2004,29.8733,19.6729
simulation_pedagogique,10.3106,29.9747,19.6641
simulation_pedagogique,10.4208,30.0759,19.6551
simulation_pedagogique,10.5311,30.1769,19.6458
simulation_pedagogique,10.6413,30.2776,19.6363
simulation_pedagogique,10.7515,30.3781,19.6266
simulation_pedagogique,10.8617,30.4784,19.6166
simulation_pedagogique,10.9719,30.5783,19.6064
simulation_pedagogique,11.0822,30.6781,19.5959
simulation_pedagogique,11.1924,30.7775,19.5851
simulation_pedagogique,11.3026,30.8767,19.5741
simulation_pedagogique,11.4128,30.9756,19.5628
simulation_pedagogique,11.5230,31.0742,19.5512
simulation_pedagogique,11.6333,31.1726,19.5393
simulation_pedagogique,11.7435,31.2706,19.5271
simulation_pedagogique,11.8537,31.3684,19.5146
simulation_pedagogique,11.9639,31.4658,19.5019
simulation_pedagogique,12.0741,31.5629,19.4887
simulation_pedagogique,12.1844,31.6597,19.4753
simulation_pedagogique,12.2946,31.7561,19.4615
simulation_pedagogique,12.4048,31.8523,19.4475
simulation_pedagogique,12.5150,31.9480,19.4330
simulation_pedagogique,12.6253,32.0435,19.4182
simulation_pedagogique,12.7355,32.1385,19.4031
simulation_pedagogique,12.8457,32.2332,19.3875
simulation_pedagogique,12.9559,32.3276,19.3717
simulation_pedagogique,13.0661,32.4215,19.3554
simulation_pedagogique,13.1764,32.5151,19.3387
simulation_pedagogique,13.2866,32.6083,19.3217
simulation_pedagogique,13.3968,32.7010,19.3042
simulation_pedagogique,13.5070,32.7934,19.2864
simulation_pedagogique,13.6172,32.8853,19.2681
simulation_pedagogique,13.7275,32.9768,19.2494
simulation_pedagogique,13.8377,33.0679,19.2302
simulation_pedagogique,13.9479,33.1586,19.2107
simulation_pedagogique,14.0581,33.2488,19.1906
simulation_pedagogique,14.1683,33.3385,19.1702
simulation_pedagogique,14.2786,33.4278,19.1492
simulation_pedagogique,14.3888,33.5166,19.1278
simulation_pedagogique,14.4990,33.6049,19.1059
simulation_pedagogique,14.6092,33.6927,19.0835
simulation_pedagogique,14.7194,33.7800,19.0606
simulation_pedagogique,14.8297,33.8668,19.0372
simulation_pedagogique,14.9399,33.9531,19.0133
simulation_pedagogique,15.0501,34.0389,18.9888
simulation_pedagogique,15.1603,34.1242,18.9639
simulation_pedagogique,15.2705,34.2089,18.9384
simulation_pedagogique,15.3808,34.2931,18.9123
simulation_pedagogique,15.4910,34.3767,18.8857
simulation_pedagogique,15.6012,34.4597,18.8585
simulation_pedagogique,15.7114,34.5422,18.8308
simulation_pedagogique,15.8216,34.6241,18.8025
simulation_pedagogique,15.9319,34.7055,18.7736
simulation_pedagogique,16.0421,34.7862,18.7441
simulation_pedagogique,16.1523,34.8663,18.7140
simulation_pedagogique,16.2625,34.9458,18.6833
simulation_pedagogique,16.3727,35.0247,18.6520
simulation_pedagogique,16.4830,35.1030,18.6200
simulation_pedagogique,16.5932,35.1806,18.5875
simulation_pedagogique,16.7034,35.2577,18.5542
simulation_pedagogique,16.8136,35.3340,18.5204
simulation_pedagogique,16.9238,35.4097,18.4859
simulation_pedagogique,17.0341,35.4848,18.4507
simulation_pedagogique,17.1443,35.5592,18.4149
simulation_pedagogique,17.2545,35.6329,18.3784
simulation_pedagogique,17.3647,35.7059,18.3412
simulation_pedagogique,17.4749,35.7783,18.3033
simulation_pedagogique,17.5852,35.8499,18.2648
simulation_pedagogique,17.6954,35.9209,18.2255
simulation_pedagogique,17.8056,35.9912,18.1855
simulation_pedagogique,17.9158,36.0607,18.1449
simulation_pedagogique,18.0261,36.1296,18.1035
simulation_pedagogique,18.1363,36.1977,18.0614
simulation_pedagogique,18.2465,36.2651,18.0186
simulation_pedagogique,18.3567,36.3318,17.9750
simulation_pedagogique,18.4669,36.3977,17.9308
simulation_pedagogique,18.5772,36.4629,17.8858
simulation_pedagogique,18.6874,36.5274,17.8400
simulation_pedagogique,18.7976,36.5911,17.7935
simulation_pedagogique,18.9078,36.6541,17.7463
simulation_pedagogique,19.0180,36.7164,17.6983
simulation_pedagogique,19.1283,36.7778,17.6496
simulation_pedagogique,19.2385,36.8386,17.6001
simulation_pedagogique,19.3487,36.8986,17.5499
simulation_pedagogique,19.4589,36.9578,17.4989
simulation_pedagogique,19.5691,37.0163,17.4471
simulation_pedagogique,19.6794,37.0740,17.3946
simulation_pedagogique,19.7896,37.1309,17.3413
simulation_pedagogique,19.8998,37.1871,17.2873
simulation_pedagogique,20.0100,37.2425,17.2325
simulation_pedagogique,20.1202,37.2972,17.1769
simulation_pedagogique,20.2305,37.3511,17.1206
simulation_pedagogique,20.3407,37.4042,17.0635
simulation_pedagogique,20.4509,37.4566,17.0057
simulation_pedagogique,20.5611,37.5082,16.9471
simulation_pedagogique,20.6713,37.5591,16.8877
simulation_pedagogique,20.7816,37.6092,16.8276
simulation_pedagogique,20.8918,37.6585,16.7667
simulation_pedagogique,21.0020,37.7071,16.7051
simulation_pedagogique,21.1122,37.7549,16.6427
simulation_pedagogique,21.2224,37.8020,16.5796
simulation_pedagogique,21.3327,37.8484,16.5157
simulation_pedagogique,21.4429,37.8940,16.4511
simulation_pedagogique,21.5531,37.9389,16.3858
simulation_pedagogique,21.6633,37.9830,16.3197
simulation_pedagogique,21.7735,38.0264,16.2529
simulation_pedagogique,21.8838,38.0691,16.1853
simulation_pedagogique,21.9940,38.1111,16.1171
simulation_pedagogique,22.1042,38.1523,16.0481
simulation_pedagogique,22.2144,38.1929,15.9784
simulation_pedagogique,22.3246,38.2327,15.9080
simulation_pedagogique,22.4349,38.2718,15.8369
simulation_pedagogique,22.5451,38.3103,15.7652
simulation_pedagogique,22.6553,38.3480,15.6927
simulation_pedagogique,22.7655,38.3851,15.6195
simulation_pedagogique,22.8758,38.4214,15.5457
simulation_pedagogique,22.9860,38.4572,15.4712
simulation_pedagogique,23.0962,38.4922,15.3960
simulation_pedagogique,23.2064,38.5266,15.3202
simulation_pedagogique,23.3166,38.5603,15.2437
simulation_pedagogique,23.4269,38.5934,15.1666
simulation_pedagogique,23.5371,38.6259,15.0888
simulation_pedagogique,23.6473,38.6577,15.0104
simulation_pedagogique,23.7575,38.6889,14.9314
simulation_pedagogique,23.8677,38.7195,14.8518
simulation_pedagogique,23.9780,38.7495,14.7715
simulation_pedagogique,24.0882,38.7789,14.6907
simulation_pedagogique,24.1984,38.8077,14.6093
simulation_pedagogique,24.3086,38.8359,14.5273
simulation_pedagogique,24.4188,38.8635,14.4447
simulation_pedagogique,24.5291,38.8906,14.3615
simulation_pedagogique,24.6393,38.9171,14.2778
simulation_pedagogique,24.7495,38.9430,14.1935
simulation_pedagogique,24.8597,38.9684,14.1087
simulation_pedagogique,24.9699,38.9933,14.0234
simulation_pedagogique,25.0802,39.0176,13.9375
simulation_pedagogique,25.1904,39.0415,13.8511
simulation_pedagogique,25.3006,39.0648,13.7642
simulation_pedagogique,25.4108,39.0876,13.6768
simulation_pedagogique,25.5210,39.1099,13.5888
simulation_pedagogique,25.6313,39.1317,13.5004
simulation_pedagogique,25.7415,39.1530,13.4116
simulation_pedagogique,25.8517,39.1739,13.3222
simulation_pedagogique,25.9619,39.1943,13.2324
simulation_pedagogique,26.0721,39.2143,13.1421
simulation_pedagogique,26.1824,39.2338,13.0514
simulation_pedagogique,26.2926,39.2528,12.9602
simulation_pedagogique,26.4028,39.2714,12.8686
simulation_pedagogique,26.5130,39.2897,12.7766
simulation_pedagogique,26.6232,39.3074,12.6842
simulation_pedagogique,26.7335,39.3248,12.5914
simulation_pedagogique,26.8437,39.3418,12.4981
simulation_pedagogique,26.9539,39.3584,12.4045
simulation_pedagogique,27.0641,39.3746,12.3104
simulation_pedagogique,27.1743,39.3904,12.2160
simulation_pedagogique,27.2846,39.4058,12.1213
simulation_pedagogique,27.3948,39.4209,12.0261
simulation_pedagogique,27.5050,39.4357,11.9306
simulation_pedagogique,27.6152,39.4500,11.8348
simulation_pedagogique,27.7255,39.4641,11.7386
simulation_pedagogique,27.8357,39.4778,11.6421
simulation_pedagogique,27.9459,39.4912,11.5453
simulation_pedagogique,28.0561,39.5042,11.4481
simulation_pedagogique,28.1663,39.5169,11.3506
simulation_pedagogique,28.2766,39.5294,11.2528
simulation_pedagogique,28.3868,39.5415,11.1547
simulation_pedagogique,28.4970,39.5533,11.0563
simulation_pedagogique,28.6072,39.5649,10.9577
simulation_pedagogique,28.7174,39.5761,10.8587
simulation_pedagogique,28.8277,39.5871,10.7595
simulation_pedagogique,28.9379,39.5978,10.6599
simulation_pedagogique,29.0481,39.6083,10.5602
simulation_pedagogique,29.1583,39.6185,10.4601
simulation_pedagogique,29.2685,39.6284,10.3599
simulation_pedagogique,29.3788,39.6381,10.2593
simulation_pedagogique,29.4890,39.6475,10.1586
simulation_pedagogique,29.5992,39.6567,10.0576
simulation_pedagogique,29.7094,39.6657,9.9563
simulation_pedagogique,29.8196,39.6745,9.8548
simulation_pedagogique,29.9299,39.6830,9.7532
simulation_pedagogique,30.0401,39.6913,9.6513
simulation_pedagogique,30.1503,39.6995,9.5492
simulation_pedagogique,30.2605,39.7074,9.4468
simulation_pedagogique,30.3707,39.7151,9.3443
simulation_pedagogique,30.4810,39.7226,9.2416
simulation_pedagogique,30.5912,39.7299,9.1387
simulation_pedagogique,30.7014,39.7370,9.0356
simulation_pedagogique,30.8116,39.7440,8.9323
simulation_pedagogique,30.9218,39.7507,8.8289
simulation_pedagogique,31.0321,39.7573,8.7253
simulation_pedagogique,31.1423,39.7638,8.6215
simulation_pedagogique,31.2525,39.7700,8.5175
simulation_pedagogique,31.3627,39.7761,8.4134
simulation_pedagogique,31.4729,39.7821,8.3091
simulation_pedagogique,31.5832,39.7878,8.2047
simulation_pedagogique,31.6934,39.7935,8.1001
simulation_pedagogique,31.8036,39.7990,7.9954
simulation_pedagogique,31.9138,39.8043,7.8905
simulation_pedagogique,32.0240,39.8095,7.7855
simulation_pedagogique,32.1343,39.8146,7.6804
simulation_pedagogique,32.2445,39.8196,7.5751
simulation_pedagogique,32.3547,39.8244,7.4697
simulation_pedagogique,32.4649,39.8291,7.3641
simulation_pedagogique,32.5752,39.8336,7.2585
simulation_pedagogique,32.6854,39.8381,7.1527
simulation_pedagogique,32.7956,39.8424,7.0468
simulation_pedagogique,32.9058,39.8466,6.9408
simulation_pedagogique,33.0160,39.8507,6.8347
simulation_pedagogique,33.1263,39.8547,6.7285
simulation_pedagogique,33.2365,39.8586,6.6222
simulation_pedagogique,33.3467,39.8624,6.5157
simulation_pedagogique,33.4569,39.8661,6.4092
simulation_pedagogique,33.5671,39.8697,6.3026
simulation_pedagogique,33.6774,39.8732,6.1958
simulation_pedagogique,33.7876,39.8766,6.0890
simulation_pedagogique,33.8978,39.8799,5.9821
simulation_pedagogique,34.0080,39.8831,5.8751
simulation_pedagogique,34.1182,39.8863,5.7681
simulation_pedagogique,34.2285,39.8893,5.6609
simulation_pedagogique,34.3387,39.8923,5.5537
simulation_pedagogique,34.4489,39.8952,5.4463
simulation_pedagogique,34.5591,39.8980,5.3389
simulation_pedagogique,34.6693,39.9008,5.2315
simulation_pedagogique,34.7796,39.9035,5.1239
simulation_pedagogique,34.8898,39.9061,5.0163
simulation_pedagogique,35.0000,39.9086,4.9086
